Date,Year,Month,Mdate,Weekday_End,Day,Hour,Town_Hall-West,Collins Place-South,Australia on Collins,Bourke Street Mall-South,Bourke Street Mall-North,Melbourne Central,Flagstaff Station,State Library
9/1/2012,2012,9,1,20,7,0,758,169,90,227,200,885,36,252
9/1/2012,2012,9,1,20,7,1,428,37,61,143,104,523,26,182
9/1/2012,2012,9,1,20,7,2,273,32,34,82,80,263,9,92
9/1/2012,2012,9,1,20,7,3,231,11,60,62,60,263,8,91
9/1/2012,2012,9,1,20,7,4,116,6,23,28,30,58,10,39
9/1/2012,2012,9,1,20,7,5,85,29,29,28,14,74,13,28
9/1/2012,2012,9,1,20,7,6,81,37,26,40,25,66,15,33
9/1/2012,2012,9,1,20,7,7,166,86,80,54,51,194,26,54
9/1/2012,2012,9,1,20,7,8,423,121,249,269,286,389,47,185
9/1/2012,2012,9,1,20,7,9,888,177,580,743,624,523,64,356
9/1/2012,2012,9,1,20,7,10,1610,239,1029,1458,1312,933,67,628
9/1/2012,2012,9,1,20,7,11,2084,270,1416,2160,2008,1544,96,968
9/1/2012,2012,9,1,20,7,12,2780,443,1546,2914,2436,2239,86,1456
9/1/2012,2012,9,1,20,7,13,3106,412,1631,3294,2940,2789,109,2004
9/1/2012,2012,9,1,20,7,14,3139,425,1533,3541,3378,2809,78,2345
9/1/2012,2012,9,1,20,7,15,3225,514,1502,3582,3523,3113,73,2294
9/1/2012,2012,9,1,20,7,16,3105,421,1446,3208,3300,2644,75,2056
9/1/2012,2012,9,1,20,7,17,2920,566,942,2477,2460,2687,73,1913
9/1/2012,2012,9,1,20,7,18,2505,588,491,1045,1625,2797,39,1498
9/1/2012,2012,9,1,20,7,19,2301,474,387,563,855,2505,54,1262
9/1/2012,2012,9,1,20,7,20,1779,279,227,419,521,2198,38,1048
9/1/2012,2012,9,1,20,7,21,1263,182,190,345,391,2034,35,934
9/1/2012,2012,9,1,20,7,22,1421,308,292,372,393,1719,45,728
9/1/2012,2012,9,1,20,7,23,1723,254,288,304,313,1535,29,674
9/2/2012,2012,9,2,20,1,0,832,136,153,210,220,857,34,242
9/2/2012,2012,9,2,20,1,1,469,73,102,197,119,453,29,278
9/2/2012,2012,9,2,20,1,2,336,44,84,170,124,303,13,117
9/2/2012,2012,9,2,20,1,3,319,26,51,132,98,264,10,75
9/2/2012,2012,9,2,20,1,4,161,27,42,61,27,40,5,35
9/2/2012,2012,9,2,20,1,5,95,21,24,35,24,63,7,48
9/2/2012,2012,9,2,20,1,6,76,10,23,47,36,71,6,29
9/2/2012,2012,9,2,20,1,7,140,53,57,59,39,108,18,40
9/2/2012,2012,9,2,20,1,8,251,97,164,162,98,235,14,145
9/2/2012,2012,9,2,20,1,9,708,155,414,501,467,535,23,268
9/2/2012,2012,9,2,20,1,10,1276,260,755,1227,811,956,66,511
9/2/2012,2012,9,2,20,1,11,1710,316,998,1915,1591,1508,54,891
9/2/2012,2012,9,2,20,1,12,2017,346,1098,2083,2057,2044,81,1273
9/2/2012,2012,9,2,20,1,13,2554,282,1192,2684,2514,2386,83,1599
9/2/2012,2012,9,2,20,1,14,2691,297,1129,2623,2699,2394,70,1657
9/2/2012,2012,9,2,20,1,15,2812,264,1068,2581,2626,2649,58,1817
9/2/2012,2012,9,2,20,1,16,2700,230,840,2315,2339,2487,62,1649
9/2/2012,2012,9,2,20,1,17,1982,227,463,1595,1675,2252,46,1577
9/2/2012,2012,9,2,20,1,18,1510,231,236,667,1019,2050,30,1068
9/2/2012,2012,9,2,20,1,19,1069,105,164,317,444,1724,21,864
9/2/2012,2012,9,2,20,1,20,818,85,147,322,271,1239,16,623
9/2/2012,2012,9,2,20,1,21,551,60,88,163,171,953,23,450
9/2/2012,2012,9,2,20,1,22,419,47,59,110,129,660,20,246
9/2/2012,2012,9,2,20,1,23,218,28,50,55,76,272,13,161
9/3/2012,2012,9,3,10,2,0,111,21,31,24,54,121,10,80
9/3/2012,2012,9,3,10,2,1,52,10,22,18,20,62,2,38
9/3/2012,2012,9,3,10,2,2,28,4,8,5,14,53,7,17
9/3/2012,2012,9,3,10,2,3,16,6,6,21,8,32,10,6
9/3/2012,2012,9,3,10,2,4,40,11,9,10,9,21,1,8
9/3/2012,2012,9,3,10,2,5,56,49,26,12,26,58,74,24
9/3/2012,2012,9,3,10,2,6,150,163,76,78,59,90,452,51
9/3/2012,2012,9,3,10,2,7,450,672,337,245,245,334,1926,271
9/3/2012,2012,9,3,10,2,8,1169,1926,843,712,703,931,5269,887
9/3/2012,2012,9,3,10,2,9,1236,1152,913,889,826,932,2473,748
9/3/2012,2012,9,3,10,2,10,1605,576,1135,1228,1123,1291,956,819
9/3/2012,2012,9,3,10,2,11,2121,599,1468,1946,1658,1649,748,1166
9/3/2012,2012,9,3,10,2,12,3030,1544,2412,3287,2841,2641,1164,2052
9/3/2012,2012,9,3,10,2,13,3520,1932,2612,3703,3302,2847,1627,2329
9/3/2012,2012,9,3,10,2,14,2799,829,1596,2442,2507,2344,946,1807
9/3/2012,2012,9,3,10,2,15,2679,669,1334,2180,2142,2164,1173,1817
9/3/2012,2012,9,3,10,2,16,2716,747,1158,1898,1966,2358,2083,1992
9/3/2012,2012,9,3,10,2,17,2729,1233,1117,1856,2237,2597,3842,2227
9/3/2012,2012,9,3,10,2,18,1925,793,556,919,1471,2262,1650,1622
9/3/2012,2012,9,3,10,2,19,1239,474,276,431,576,1753,494,1201
9/3/2012,2012,9,3,10,2,20,934,349,165,277,376,1440,206,874
9/3/2012,2012,9,3,10,2,21,756,178,175,192,241,1185,107,575
9/3/2012,2012,9,3,10,2,22,473,99,76,143,160,709,71,315
9/3/2012,2012,9,3,10,2,23,287,59,58,69,94,414,23,175
9/4/2012,2012,9,4,10,3,0,129,45,19,47,41,181,11,66
9/4/2012,2012,9,4,10,3,1,68,25,17,12,19,50,0,39
9/4/2012,2012,9,4,10,3,2,41,2,8,29,20,45,3,26
9/4/2012,2012,9,4,10,3,3,41,7,11,9,2,14,2,12
9/4/2012,2012,9,4,10,3,4,34,11,13,2,13,44,3,29
9/4/2012,2012,9,4,10,3,5,146,48,29,29,66,175,70,61
9/4/2012,2012,9,4,10,3,6,246,180,106,129,122,290,587,100
9/4/2012,2012,9,4,10,3,7,639,791,390,276,381,392,1977,295
9/4/2012,2012,9,4,10,3,8,1364,1932,968,721,968,1033,5416,937
9/4/2012,2012,9,4,10,3,9,1366,1119,998,755,989,1022,2326,714
9/4/2012,2012,9,4,10,3,10,1642,719,1077,1020,1372,1206,972,830
9/4/2012,2012,9,4,10,3,11,1974,718,1422,1610,1965,1668,789,NA
9/4/2012,2012,9,4,10,3,12,3229,1734,2431,3177,3563,2776,1298,NA
9/4/2012,2012,9,4,10,3,13,3517,1852,2607,3781,4087,3006,1804,NA
9/4/2012,2012,9,4,10,3,14,2940,848,1709,2438,2684,2501,977,NA
9/4/2012,2012,9,4,10,3,15,2798,653,1428,2182,2548,2256,1173,NA
9/4/2012,2012,9,4,10,3,16,2723,780,1239,2077,2475,2577,2116,NA
9/4/2012,2012,9,4,10,3,17,2871,1311,1277,2206,2557,2630,3834,NA
9/4/2012,2012,9,4,10,3,18,2284,878,842,1207,1942,2431,1730,NA
9/4/2012,2012,9,4,10,3,19,1463,389,369,570,930,2162,539,NA
9/4/2012,2012,9,4,10,3,20,1050,257,308,341,516,1870,250,NA
9/4/2012,2012,9,4,10,3,21,941,189,218,269,371,1450,130,NA
9/4/2012,2012,9,4,10,3,22,575,140,192,237,239,935,73,NA
9/4/2012,2012,9,4,10,3,23,368,77,61,102,144,485,37,NA
9/5/2012,2012,9,5,10,4,0,172,39,30,34,53,176,15,NA
9/5/2012,2012,9,5,10,4,1,70,19,13,23,42,84,11,NA
9/5/2012,2012,9,5,10,4,2,59,14,6,7,11,29,6,NA
9/5/2012,2012,9,5,10,4,3,56,10,8,32,11,25,7,NA
9/5/2012,2012,9,5,10,4,4,58,7,8,18,9,34,2,NA
9/5/2012,2012,9,5,10,4,5,160,58,16,18,62,232,85,NA
9/5/2012,2012,9,5,10,4,6,239,238,91,101,130,422,582,NA
9/5/2012,2012,9,5,10,4,7,550,786,426,310,413,424,2028,NA
9/5/2012,2012,9,5,10,4,8,1269,1897,1068,713,972,892,5037,NA
9/5/2012,2012,9,5,10,4,9,1411,1086,973,944,1020,973,2288,NA
9/5/2012,2012,9,5,10,4,10,1674,605,1055,1189,1339,1235,909,NA
9/5/2012,2012,9,5,10,4,11,1956,583,1372,1843,1847,1757,822,NA
9/5/2012,2012,9,5,10,4,12,3334,1208,2301,3135,2977,2684,949,NA
9/5/2012,2012,9,5,10,4,13,3798,1465,2522,4081,3270,2962,1097,NA
9/5/2012,2012,9,5,10,4,14,3171,829,1802,2808,2477,2716,807,NA
9/5/2012,2012,9,5,10,4,15,2819,530,1368,2434,2253,2273,1131,NA
9/5/2012,2012,9,5,10,4,16,2577,634,1136,1849,1964,2244,2132,NA
9/5/2012,2012,9,5,10,4,17,2734,1217,1246,1903,2229,2466,3756,NA
9/5/2012,2012,9,5,10,4,18,2266,781,727,1122,1575,2434,1694,NA
9/5/2012,2012,9,5,10,4,19,1504,375,378,628,732,2072,552,NA
9/5/2012,2012,9,5,10,4,20,1175,223,235,417,363,1600,222,NA
9/5/2012,2012,9,5,10,4,21,879,204,176,235,201,1234,137,NA
9/5/2012,2012,9,5,10,4,22,608,179,133,211,157,865,58,NA
9/5/2012,2012,9,5,10,4,23,391,91,62,95,94,441,45,NA
9/6/2012,2012,9,6,10,5,0,157,38,22,44,42,146,16,NA
9/6/2012,2012,9,6,10,5,1,85,18,16,27,17,102,1,NA
9/6/2012,2012,9,6,10,5,2,41,4,14,19,11,60,1,NA
9/6/2012,2012,9,6,10,5,3,31,3,4,9,6,32,2,NA
9/6/2012,2012,9,6,10,5,4,42,10,13,45,3,27,0,NA
9/6/2012,2012,9,6,10,5,5,82,49,16,26,27,128,87,NA
9/6/2012,2012,9,6,10,5,6,203,224,94,94,93,249,561,NA
9/6/2012,2012,9,6,10,5,7,497,748,342,307,288,320,2016,NA
9/6/2012,2012,9,6,10,5,8,1118,1836,877,632,773,880,5057,NA
9/6/2012,2012,9,6,10,5,9,1234,1162,872,736,810,835,2442,NA
9/6/2012,2012,9,6,10,5,10,1532,620,1080,1088,1150,1169,943,NA
9/6/2012,2012,9,6,10,5,11,1931,607,1298,1645,1729,1638,791,NA
9/6/2012,2012,9,6,10,5,12,3204,1480,2160,2907,2855,2435,998,NA
9/6/2012,2012,9,6,10,5,13,3422,1458,2591,3655,3384,2641,1372,NA
9/6/2012,2012,9,6,10,5,14,2787,791,1560,2517,2321,2335,878,NA
9/6/2012,2012,9,6,10,5,15,2831,602,1364,2160,2141,2400,1060,NA
9/6/2012,2012,9,6,10,5,16,2713,759,1344,2316,2153,2246,2027,NA
9/6/2012,2012,9,6,10,5,17,3096,1235,1444,2357,2673,2737,3654,NA
9/6/2012,2012,9,6,10,5,18,2629,783,944,1765,2219,2407,1583,NA
9/6/2012,2012,9,6,10,5,19,2165,420,500,826,1322,2407,515,NA
9/6/2012,2012,9,6,10,5,20,1489,328,267,486,824,1615,261,NA
9/6/2012,2012,9,6,10,5,21,1155,185,227,268,390,1074,151,NA
9/6/2012,2012,9,6,10,5,22,805,117,130,204,167,667,101,NA
9/6/2012,2012,9,6,10,5,23,443,72,72,117,87,466,37,NA
9/7/2012,2012,9,7,10,6,0,683,34,64,55,47,212,22,NA
9/7/2012,2012,9,7,10,6,1,107,21,26,37,29,95,10,NA
9/7/2012,2012,9,7,10,6,2,60,6,11,55,8,51,3,NA
9/7/2012,2012,9,7,10,6,3,39,9,16,14,17,27,9,NA
9/7/2012,2012,9,7,10,6,4,46,12,12,12,19,38,11,NA
9/7/2012,2012,9,7,10,6,5,89,48,22,12,25,154,76,NA
9/7/2012,2012,9,7,10,6,6,174,193,101,89,69,389,525,NA
9/7/2012,2012,9,7,10,6,7,496,666,368,247,264,388,1941,NA
9/7/2012,2012,9,7,10,6,8,1113,1747,907,721,796,841,5211,NA
9/7/2012,2012,9,7,10,6,9,1353,1132,951,855,930,979,2184,NA
9/7/2012,2012,9,7,10,6,10,1612,680,1184,1247,1201,1185,858,NA
9/7/2012,2012,9,7,10,6,11,2156,620,1444,1787,1700,1571,721,NA
9/7/2012,2012,9,7,10,6,12,3251,1271,2230,3077,2808,2279,958,NA
9/7/2012,2012,9,7,10,6,13,3486,1470,2595,3656,3357,2611,989,NA
9/7/2012,2012,9,7,10,6,14,3064,783,1868,2696,2507,2243,818,NA
9/7/2012,2012,9,7,10,6,15,3181,615,1665,2629,2399,2401,1069,NA
9/7/2012,2012,9,7,10,6,16,3365,805,1584,2794,2682,2489,1954,NA
9/7/2012,2012,9,7,10,6,17,3564,1313,1724,2831,3255,2867,3178,NA
9/7/2012,2012,9,7,10,6,18,3167,948,1271,2330,2733,2583,1384,NA
9/7/2012,2012,9,7,10,6,19,2269,503,720,1442,1850,2343,431,NA
9/7/2012,2012,9,7,10,6,20,1682,350,350,1068,1244,2262,205,NA
9/7/2012,2012,9,7,10,6,21,1394,221,328,537,602,2001,121,NA
9/7/2012,2012,9,7,10,6,22,1200,360,245,377,372,1704,59,NA
9/7/2012,2012,9,7,10,6,23,1023,338,240,358,305,1303,94,NA
9/8/2012,2012,9,8,20,7,0,635,92,95,143,123,699,25,NA
9/8/2012,2012,9,8,20,7,1,374,48,62,129,105,407,21,NA
9/8/2012,2012,9,8,20,7,2,220,23,38,86,60,224,2,NA
9/8/2012,2012,9,8,20,7,3,139,15,39,66,53,144,6,NA
9/8/2012,2012,9,8,20,7,4,124,11,24,18,12,86,8,NA
9/8/2012,2012,9,8,20,7,5,86,20,16,23,11,67,4,NA
9/8/2012,2012,9,8,20,7,6,116,39,57,31,53,94,10,NA
9/8/2012,2012,9,8,20,7,7,173,106,101,85,65,139,35,NA
9/8/2012,2012,9,8,20,7,8,397,141,256,249,228,321,53,NA
9/8/2012,2012,9,8,20,7,9,871,266,663,654,635,641,61,NA
9/8/2012,2012,9,8,20,7,10,1520,262,1093,1485,1212,1039,66,NA
9/8/2012,2012,9,8,20,7,11,2097,311,1501,2273,1950,1537,69,NA
9/8/2012,2012,9,8,20,7,12,2734,358,1539,2904,2736,2188,63,NA
9/8/2012,2012,9,8,20,7,13,2822,481,1746,3107,3008,2570,79,NA
9/8/2012,2012,9,8,20,7,14,3182,463,1664,3378,3270,2558,73,NA
9/8/2012,2012,9,8,20,7,15,3168,344,1608,3444,3388,2433,59,NA
9/8/2012,2012,9,8,20,7,16,3037,426,1370,3032,2920,2448,64,NA
9/8/2012,2012,9,8,20,7,17,2467,538,890,2115,2236,2127,70,NA
9/8/2012,2012,9,8,20,7,18,1990,571,487,937,1510,2226,44,NA
9/8/2012,2012,9,8,20,7,19,1465,371,322,501,755,2036,34,NA
9/8/2012,2012,9,8,20,7,20,1634,309,296,453,407,1936,22,NA
9/8/2012,2012,9,8,20,7,21,1606,296,243,346,395,1903,35,NA
9/8/2012,2012,9,8,20,7,22,1337,313,315,412,465,1523,35,NA
9/8/2012,2012,9,8,20,7,23,1107,181,240,368,376,1287,33,NA
9/9/2012,2012,9,9,20,1,0,823,119,117,216,229,811,16,NA
9/9/2012,2012,9,9,20,1,1,507,85,93,190,183,468,14,NA
9/9/2012,2012,9,9,20,1,2,383,27,108,179,150,346,13,NA
9/9/2012,2012,9,9,20,1,3,327,20,86,152,88,189,16,NA
9/9/2012,2012,9,9,20,1,4,143,14,29,69,42,110,14,NA
9/9/2012,2012,9,9,20,1,5,121,20,25,48,37,83,10,NA
9/9/2012,2012,9,9,20,1,6,69,16,21,41,35,47,8,NA
9/9/2012,2012,9,9,20,1,7,147,49,74,53,50,112,14,NA
9/9/2012,2012,9,9,20,1,8,293,126,158,173,146,282,29,NA
9/9/2012,2012,9,9,20,1,9,599,202,377,452,437,467,39,NA
9/9/2012,2012,9,9,20,1,10,1176,316,826,953,988,806,52,NA
9/9/2012,2012,9,9,20,1,11,1739,291,1043,1539,1581,1363,64,NA
9/9/2012,2012,9,9,20,1,12,2250,335,1147,2218,1978,2040,60,NA
9/9/2012,2012,9,9,20,1,13,2569,397,1284,2702,2540,2568,59,NA
9/9/2012,2012,9,9,20,1,14,2789,375,1329,2901,2790,2512,80,NA
9/9/2012,2012,9,9,20,1,15,2651,277,1210,2808,2798,2396,73,NA
9/9/2012,2012,9,9,20,1,16,2582,302,1023,2427,2433,2428,62,NA
9/9/2012,2012,9,9,20,1,17,2232,278,521,1705,1770,2341,48,NA
9/9/2012,2012,9,9,20,1,18,1590,205,230,669,1130,2165,25,NA
9/9/2012,2012,9,9,20,1,19,1109,123,169,364,550,1772,25,NA
9/9/2012,2012,9,9,20,1,20,936,121,157,243,330,1369,25,NA
9/9/2012,2012,9,9,20,1,21,753,50,120,209,216,994,27,NA
9/9/2012,2012,9,9,20,1,22,451,51,81,125,123,572,13,NA
9/9/2012,2012,9,9,20,1,23,461,38,55,60,103,331,17,NA
9/10/2012,2012,9,10,10,2,0,283,27,18,33,46,154,14,NA
9/10/2012,2012,9,10,10,2,1,142,29,18,17,15,58,5,NA
9/10/2012,2012,9,10,10,2,2,24,21,2,10,7,28,3,NA
9/10/2012,2012,9,10,10,2,3,27,13,5,6,4,16,3,NA
9/10/2012,2012,9,10,10,2,4,28,14,7,70,9,20,4,NA
9/10/2012,2012,9,10,10,2,5,83,50,32,18,22,43,64,NA
9/10/2012,2012,9,10,10,2,6,128,196,97,80,61,122,549,NA
9/10/2012,2012,9,10,10,2,7,409,649,337,225,265,334,1969,NA
9/10/2012,2012,9,10,10,2,8,1111,1880,832,637,703,849,5016,NA
9/10/2012,2012,9,10,10,2,9,1258,1204,873,799,777,979,2670,NA
9/10/2012,2012,9,10,10,2,10,1625,603,1143,1219,1087,1203,912,NA
9/10/2012,2012,9,10,10,2,11,1937,582,1303,1566,1673,1620,758,NA
9/10/2012,2012,9,10,10,2,12,3069,1480,2443,2990,2889,2600,1087,NA
9/10/2012,2012,9,10,10,2,13,3272,1673,2565,3571,3461,2737,1409,NA
9/10/2012,2012,9,10,10,2,14,2709,783,1604,2356,2142,2129,870,NA
9/10/2012,2012,9,10,10,2,15,2743,577,1292,2134,2045,2192,967,NA
9/10/2012,2012,9,10,10,2,16,2586,712,1150,1939,2007,2155,2212,NA
9/10/2012,2012,9,10,10,2,17,2602,1197,1037,1808,2105,2451,3825,NA
9/10/2012,2012,9,10,10,2,18,1901,861,624,951,1425,2104,1702,NA
9/10/2012,2012,9,10,10,2,19,1240,393,308,499,620,1757,497,NA
9/10/2012,2012,9,10,10,2,20,988,244,229,300,277,1456,194,NA
9/10/2012,2012,9,10,10,2,21,709,193,218,223,202,1109,116,NA
9/10/2012,2012,9,10,10,2,22,480,107,88,185,118,785,43,NA
9/10/2012,2012,9,10,10,2,23,267,79,44,88,95,372,30,NA
9/11/2012,2012,9,11,10,3,0,100,28,24,32,43,139,11,NA
9/11/2012,2012,9,11,10,3,1,42,10,14,12,16,56,6,NA
9/11/2012,2012,9,11,10,3,2,28,14,8,7,11,31,6,NA
9/11/2012,2012,9,11,10,3,3,13,2,5,50,9,20,0,NA
9/11/2012,2012,9,11,10,3,4,31,13,4,1,7,26,1,NA
9/11/2012,2012,9,11,10,3,5,66,66,15,20,31,65,71,NA
9/11/2012,2012,9,11,10,3,6,172,211,89,88,81,135,583,NA
9/11/2012,2012,9,11,10,3,7,460,731,382,291,298,312,2014,NA
9/11/2012,2012,9,11,10,3,8,1141,1858,973,676,719,883,5286,NA
9/11/2012,2012,9,11,10,3,9,1283,1138,1000,864,721,975,2500,NA
9/11/2012,2012,9,11,10,3,10,1487,765,1155,1184,962,1172,940,NA
9/11/2012,2012,9,11,10,3,11,1928,623,1382,1696,1531,1662,789,NA
9/11/2012,2012,9,11,10,3,12,3186,1694,2296,3167,2800,2921,1242,NA
9/11/2012,2012,9,11,10,3,13,3605,1730,2676,3740,3227,3007,1773,NA
9/11/2012,2012,9,11,10,3,14,2866,814,1783,2418,2212,2277,986,NA
9/11/2012,2012,9,11,10,3,15,2620,628,1363,1893,2099,2393,1172,NA
9/11/2012,2012,9,11,10,3,16,2703,673,1259,2139,2036,2569,2103,NA
9/11/2012,2012,9,11,10,3,17,2873,1226,1200,1901,2303,2594,3738,NA
9/11/2012,2012,9,11,10,3,18,2199,782,701,1214,1719,2452,1625,NA
9/11/2012,2012,9,11,10,3,19,1431,459,397,579,818,2079,509,NA
9/11/2012,2012,9,11,10,3,20,1124,244,256,367,379,1643,232,NA
9/11/2012,2012,9,11,10,3,21,829,154,155,270,252,1266,127,NA
9/11/2012,2012,9,11,10,3,22,571,153,127,190,189,763,68,NA
9/11/2012,2012,9,11,10,3,23,329,118,75,65,79,524,30,NA
9/12/2012,2012,9,12,10,4,0,102,50,27,29,39,154,10,NA
9/12/2012,2012,9,12,10,4,1,55,27,19,23,12,103,4,NA
9/12/2012,2012,9,12,10,4,2,24,11,1,9,24,52,2,NA
9/12/2012,2012,9,12,10,4,3,24,9,16,33,7,45,13,NA
9/12/2012,2012,9,12,10,4,4,34,15,2,5,8,27,1,NA
9/12/2012,2012,9,12,10,4,5,67,65,22,21,17,55,73,NA
9/12/2012,2012,9,12,10,4,6,176,233,103,98,58,147,595,NA
9/12/2012,2012,9,12,10,4,7,437,717,369,276,304,374,1928,NA
9/12/2012,2012,9,12,10,4,8,1094,1861,945,719,765,894,5002,NA
9/12/2012,2012,9,12,10,4,9,1240,1090,920,895,869,918,2466,NA
9/12/2012,2012,9,12,10,4,10,1469,627,1234,1122,1161,1160,1043,NA
9/12/2012,2012,9,12,10,4,11,1953,594,1429,1546,1596,1619,796,NA
9/12/2012,2012,9,12,10,4,12,3030,1472,2295,3009,2880,2650,1111,NA
9/12/2012,2012,9,12,10,4,13,3527,1545,2574,3807,3417,2872,1354,NA
9/12/2012,2012,9,12,10,4,14,2792,793,1717,2349,2342,2182,848,NA
9/12/2012,2012,9,12,10,4,15,2699,542,1429,2063,2064,2217,1092,NA
9/12/2012,2012,9,12,10,4,16,2516,650,1285,2012,1951,2376,2105,NA
9/12/2012,2012,9,12,10,4,17,2820,1268,1325,2025,2255,2480,3691,NA
9/12/2012,2012,9,12,10,4,18,2237,834,755,1134,1614,2170,1655,NA
9/12/2012,2012,9,12,10,4,19,1425,480,370,564,732,1646,489,NA
9/12/2012,2012,9,12,10,4,20,871,286,184,348,382,1258,257,NA
9/12/2012,2012,9,12,10,4,21,598,190,189,231,228,792,146,NA
9/12/2012,2012,9,12,10,4,22,582,162,133,167,159,711,70,NA
9/12/2012,2012,9,12,10,4,23,299,108,60,68,78,420,39,NA
9/13/2012,2012,9,13,10,5,0,140,36,15,58,28,125,14,NA
9/13/2012,2012,9,13,10,5,1,46,27,6,38,31,48,2,NA
9/13/2012,2012,9,13,10,5,2,42,19,7,8,6,28,4,NA
9/13/2012,2012,9,13,10,5,3,23,4,8,6,12,36,1,NA
9/13/2012,2012,9,13,10,5,4,23,6,8,12,4,31,7,NA
9/13/2012,2012,9,13,10,5,5,65,64,34,14,19,62,68,NA
9/13/2012,2012,9,13,10,5,6,159,235,80,89,57,130,583,NA
9/13/2012,2012,9,13,10,5,7,491,737,384,296,276,366,2014,NA
9/13/2012,2012,9,13,10,5,8,1100,1855,1027,739,733,862,5030,NA
9/13/2012,2012,9,13,10,5,9,1550,1100,1014,842,740,1370,2456,NA
9/13/2012,2012,9,13,10,5,10,1674,670,1174,1242,1077,1092,983,NA
9/13/2012,2012,9,13,10,5,11,1949,598,1497,1604,1450,1479,788,NA
9/13/2012,2012,9,13,10,5,12,2562,1316,2268,2860,2728,2103,984,NA
9/13/2012,2012,9,13,10,5,13,3223,1400,2556,3404,3250,2574,1235,NA
9/13/2012,2012,9,13,10,5,14,2607,740,1649,2451,2180,2026,909,NA
9/13/2012,2012,9,13,10,5,15,2508,550,1479,2118,2135,2102,1061,NA
9/13/2012,2012,9,13,10,5,16,2645,692,1418,2220,2101,2186,1993,NA
9/13/2012,2012,9,13,10,5,17,2760,1246,1342,2302,2508,2475,3620,NA
9/13/2012,2012,9,13,10,5,18,2527,861,860,1678,2161,2442,1618,NA
9/13/2012,2012,9,13,10,5,19,2096,437,511,744,1243,2141,525,NA
9/13/2012,2012,9,13,10,5,20,1549,254,286,464,741,1778,281,NA
9/13/2012,2012,9,13,10,5,21,1175,210,230,283,373,1283,151,NA
9/13/2012,2012,9,13,10,5,22,821,189,136,255,249,950,88,NA
9/13/2012,2012,9,13,10,5,23,1044,129,115,176,135,551,42,NA
9/14/2012,2012,9,14,10,6,0,240,56,52,61,54,238,12,NA
9/14/2012,2012,9,14,10,6,1,96,30,26,32,21,99,11,NA
9/14/2012,2012,9,14,10,6,2,53,23,12,15,17,70,6,NA
9/14/2012,2012,9,14,10,6,3,51,10,16,43,12,30,13,NA
9/14/2012,2012,9,14,10,6,4,26,19,4,12,19,23,5,NA
9/14/2012,2012,9,14,10,6,5,71,45,11,24,16,52,83,NA
9/14/2012,2012,9,14,10,6,6,162,190,98,82,53,123,536,NA
9/14/2012,2012,9,14,10,6,7,462,645,331,237,286,331,1917,NA
9/14/2012,2012,9,14,10,6,8,1113,1730,871,661,755,721,5019,NA
9/14/2012,2012,9,14,10,6,9,1287,1117,976,889,918,856,2354,NA
9/14/2012,2012,9,14,10,6,10,1636,692,1224,1292,1313,1039,839,NA
9/14/2012,2012,9,14,10,6,11,2219,633,1464,1948,1719,1559,773,NA
9/14/2012,2012,9,14,10,6,12,3267,1389,2400,2923,2961,2446,931,NA
9/14/2012,2012,9,14,10,6,13,3519,1391,2663,3706,3568,2676,1107,NA
9/14/2012,2012,9,14,10,6,14,2978,744,1925,2694,2659,2407,888,NA
9/14/2012,2012,9,14,10,6,15,3036,566,1633,2576,2462,2542,1042,NA
9/14/2012,2012,9,14,10,6,16,3204,784,1630,2856,2774,2508,1989,NA
9/14/2012,2012,9,14,10,6,17,3494,1160,1613,2995,3355,2788,3008,NA
9/14/2012,2012,9,14,10,6,18,3122,757,1105,2285,2787,3047,1251,NA
9/14/2012,2012,9,14,10,6,19,2399,509,687,1617,2011,2836,472,NA
9/14/2012,2012,9,14,10,6,20,2030,354,484,1198,1447,2710,200,NA
9/14/2012,2012,9,14,10,6,21,1706,286,332,594,865,2536,137,NA
9/14/2012,2012,9,14,10,6,22,1273,260,248,469,529,1937,102,NA
9/14/2012,2012,9,14,10,6,23,1013,171,240,342,370,1495,61,NA
9/15/2012,2012,9,15,20,7,0,741,88,121,206,164,827,46,NA
9/15/2012,2012,9,15,20,7,1,426,46,78,144,128,517,25,NA
9/15/2012,2012,9,15,20,7,2,303,25,53,80,97,261,13,NA
9/15/2012,2012,9,15,20,7,3,207,13,44,51,57,171,4,NA
9/15/2012,2012,9,15,20,7,4,118,13,17,44,21,65,9,NA
9/15/2012,2012,9,15,20,7,5,90,23,14,27,29,75,9,NA
9/15/2012,2012,9,15,20,7,6,119,38,37,52,43,64,19,NA
9/15/2012,2012,9,15,20,7,7,171,69,74,78,97,175,28,NA
9/15/2012,2012,9,15,20,7,8,418,119,268,232,254,347,33,NA
9/15/2012,2012,9,15,20,7,9,827,196,612,757,596,520,78,NA
9/15/2012,2012,9,15,20,7,10,1490,252,1074,1381,1193,908,57,NA
9/15/2012,2012,9,15,20,7,11,2102,321,1352,2071,1956,1517,96,NA
9/15/2012,2012,9,15,20,7,12,2713,371,1485,2619,2442,2268,113,NA
9/15/2012,2012,9,15,20,7,13,3177,463,1638,3210,3054,2749,107,NA
9/15/2012,2012,9,15,20,7,14,3184,396,1620,3562,3305,2730,72,NA
9/15/2012,2012,9,15,20,7,15,3245,432,1520,3620,3304,2946,63,NA
9/15/2012,2012,9,15,20,7,16,3165,376,1432,3316,3204,2763,78,NA
9/15/2012,2012,9,15,20,7,17,2689,623,917,2509,2429,2756,54,NA
9/15/2012,2012,9,15,20,7,18,2201,575,532,1162,1836,2589,67,NA
9/15/2012,2012,9,15,20,7,19,1740,384,369,543,917,2387,78,NA
9/15/2012,2012,9,15,20,7,20,1585,337,212,377,509,2284,36,NA
9/15/2012,2012,9,15,20,7,21,1394,290,237,303,406,2027,42,NA
9/15/2012,2012,9,15,20,7,22,1308,398,273,382,400,1666,80,NA
9/15/2012,2012,9,15,20,7,23,1216,274,251,350,295,1478,55,NA
9/16/2012,2012,9,16,20,1,0,1010,141,161,255,214,893,53,NA
9/16/2012,2012,9,16,20,1,1,628,119,135,200,168,568,15,NA
9/16/2012,2012,9,16,20,1,2,446,49,117,191,174,329,23,NA
9/16/2012,2012,9,16,20,1,3,346,35,64,197,117,278,12,NA
9/16/2012,2012,9,16,20,1,4,178,8,21,88,46,70,9,NA
9/16/2012,2012,9,16,20,1,5,115,16,14,57,33,77,7,NA
9/16/2012,2012,9,16,20,1,6,117,17,48,35,30,70,7,NA
9/16/2012,2012,9,16,20,1,7,174,60,77,57,65,116,13,NA
9/16/2012,2012,9,16,20,1,8,275,134,168,157,125,303,33,NA
9/16/2012,2012,9,16,20,1,9,622,238,360,498,428,428,41,NA
9/16/2012,2012,9,16,20,1,10,1149,648,877,1108,1009,883,33,NA
9/16/2012,2012,9,16,20,1,11,1859,726,1086,1925,1678,1334,64,NA
9/16/2012,2012,9,16,20,1,12,2521,709,1346,2330,1989,1850,55,NA
9/16/2012,2012,9,16,20,1,13,2720,870,1289,2660,2607,2428,51,NA
9/16/2012,2012,9,16,20,1,14,2826,656,1400,2751,2819,2562,60,NA
9/16/2012,2012,9,16,20,1,15,2850,499,1290,2746,2750,2505,74,NA
9/16/2012,2012,9,16,20,1,16,2694,405,999,2393,2395,2414,46,NA
9/16/2012,2012,9,16,20,1,17,2098,304,540,1570,1734,2484,53,NA
9/16/2012,2012,9,16,20,1,18,1592,216,255,714,1148,1956,38,NA
9/16/2012,2012,9,16,20,1,19,1321,115,197,353,471,1490,25,NA
9/16/2012,2012,9,16,20,1,20,1235,113,148,225,243,1230,17,NA
9/16/2012,2012,9,16,20,1,21,659,60,102,159,148,835,11,NA
9/16/2012,2012,9,16,20,1,22,580,66,80,84,86,551,11,NA
9/16/2012,2012,9,16,20,1,23,380,37,34,66,47,328,16,NA
9/17/2012,2012,9,17,10,2,0,398,6,27,58,21,119,9,NA
9/17/2012,2012,9,17,10,2,1,368,4,20,7,13,57,1,NA
9/17/2012,2012,9,17,10,2,2,52,13,5,38,8,46,6,NA
9/17/2012,2012,9,17,10,2,3,24,6,5,16,7,37,7,NA
9/17/2012,2012,9,17,10,2,4,33,13,11,14,4,19,1,NA
9/17/2012,2012,9,17,10,2,5,78,44,16,17,20,63,62,NA
9/17/2012,2012,9,17,10,2,6,149,173,93,73,49,121,488,NA
9/17/2012,2012,9,17,10,2,7,449,678,337,256,258,340,2048,NA
9/17/2012,2012,9,17,10,2,8,1023,1778,851,644,748,701,5078,NA
9/17/2012,2012,9,17,10,2,9,1135,995,828,772,791,841,2247,NA
9/17/2012,2012,9,17,10,2,10,1554,619,1064,1123,1121,984,1047,NA
9/17/2012,2012,9,17,10,2,11,2052,582,1297,1624,1526,1388,741,NA
9/17/2012,2012,9,17,10,2,12,2989,1435,2198,2890,2783,2330,945,NA
9/17/2012,2012,9,17,10,2,13,3305,1411,2632,3421,3163,2518,1212,NA
9/17/2012,2012,9,17,10,2,14,2830,857,1634,2405,2269,2195,843,NA
9/17/2012,2012,9,17,10,2,15,2753,613,1527,2173,2175,2340,1088,NA
9/17/2012,2012,9,17,10,2,16,2551,702,1212,2145,2037,2190,2003,NA
9/17/2012,2012,9,17,10,2,17,2660,1230,1286,1964,2092,2533,3915,NA
9/17/2012,2012,9,17,10,2,18,2070,753,728,1082,1517,2170,1657,NA
9/17/2012,2012,9,17,10,2,19,1335,368,285,443,634,1719,522,NA
9/17/2012,2012,9,17,10,2,20,949,362,236,290,391,1409,181,NA
9/17/2012,2012,9,17,10,2,21,771,135,223,241,222,1245,98,NA
9/17/2012,2012,9,17,10,2,22,418,95,86,143,136,733,55,NA
9/17/2012,2012,9,17,10,2,23,288,90,43,70,77,458,28,NA
9/18/2012,2012,9,18,10,3,0,115,20,17,58,34,154,7,NA
9/18/2012,2012,9,18,10,3,1,45,12,13,24,12,65,5,NA
9/18/2012,2012,9,18,10,3,2,35,6,8,2,12,26,8,NA
9/18/2012,2012,9,18,10,3,3,27,8,4,12,5,34,0,NA
9/18/2012,2012,9,18,10,3,4,32,10,9,52,1,21,1,NA
9/18/2012,2012,9,18,10,3,5,64,53,16,17,23,46,74,NA
9/18/2012,2012,9,18,10,3,6,191,229,99,92,68,140,590,NA
9/18/2012,2012,9,18,10,3,7,502,735,357,299,266,341,2134,NA
9/18/2012,2012,9,18,10,3,8,1099,1868,874,675,848,806,5263,NA
9/18/2012,2012,9,18,10,3,9,1170,1075,947,757,731,849,2432,NA
9/18/2012,2012,9,18,10,3,10,1504,594,1172,1103,996,1087,992,NA
9/18/2012,2012,9,18,10,3,11,1973,550,1441,1671,1472,1598,768,NA
9/18/2012,2012,9,18,10,3,12,3004,1362,2190,2819,2724,2454,1150,NA
9/18/2012,2012,9,18,10,3,13,3160,1399,2351,3080,2833,2052,1112,NA
9/18/2012,2012,9,18,10,3,14,2566,642,1600,2076,2005,2083,870,NA
9/18/2012,2012,9,18,10,3,15,2627,574,1351,2051,1826,1792,1242,NA
9/18/2012,2012,9,18,10,3,16,2503,626,1178,1961,1755,2025,2215,NA
9/18/2012,2012,9,18,10,3,17,2576,1356,1165,1872,1968,1972,4498,NA
9/18/2012,2012,9,18,10,3,18,1956,865,699,958,1488,1892,1697,NA
9/18/2012,2012,9,18,10,3,19,1207,402,362,520,686,1627,482,NA
9/18/2012,2012,9,18,10,3,20,923,279,213,326,452,1504,206,NA
9/18/2012,2012,9,18,10,3,21,676,177,171,235,232,1179,123,NA
9/18/2012,2012,9,18,10,3,22,492,161,95,214,161,716,63,NA
9/18/2012,2012,9,18,10,3,23,267,79,58,113,115,550,24,NA
9/19/2012,2012,9,19,10,4,0,133,25,33,48,43,155,8,NA
9/19/2012,2012,9,19,10,4,1,53,15,25,9,22,90,7,NA
9/19/2012,2012,9,19,10,4,2,38,7,3,6,15,40,4,NA
9/19/2012,2012,9,19,10,4,3,35,10,0,63,7,32,8,NA
9/19/2012,2012,9,19,10,4,4,27,18,5,4,4,19,0,NA
9/19/2012,2012,9,19,10,4,5,72,52,27,24,16,46,80,NA
9/19/2012,2012,9,19,10,4,6,154,249,123,93,56,150,590,NA
9/19/2012,2012,9,19,10,4,7,470,717,380,286,296,369,2008,NA
9/19/2012,2012,9,19,10,4,8,1090,1807,938,667,740,781,5305,816
9/19/2012,2012,9,19,10,4,9,1282,1074,967,891,827,795,2450,674
9/19/2012,2012,9,19,10,4,10,1538,593,1127,1023,1080,939,902,634
9/19/2012,2012,9,19,10,4,11,1969,685,1284,1361,1480,1402,712,1020
9/19/2012,2012,9,19,10,4,12,3064,1302,2300,2935,3229,2518,1102,1704
9/19/2012,2012,9,19,10,4,13,3574,1536,2605,3619,3316,2771,1295,1946
9/19/2012,2012,9,19,10,4,14,2911,795,1749,2639,2297,2327,833,1541
9/19/2012,2012,9,19,10,4,15,2821,620,1463,2439,2263,2478,1171,1674
9/19/2012,2012,9,19,10,4,16,2901,787,1345,2439,2197,2523,2115,1921
9/19/2012,2012,9,19,10,4,17,2930,1268,1435,2304,2443,2704,3637,2147
9/19/2012,2012,9,19,10,4,18,2363,903,852,1255,1864,2550,1625,1731
9/19/2012,2012,9,19,10,4,19,1543,437,379,523,845,1961,501,1295
9/19/2012,2012,9,19,10,4,20,1169,321,288,365,456,1611,241,1046
9/19/2012,2012,9,19,10,4,21,862,197,190,277,279,1265,162,637
9/19/2012,2012,9,19,10,4,22,656,170,136,210,146,867,98,444
9/19/2012,2012,9,19,10,4,23,357,99,64,105,107,479,32,272
9/20/2012,2012,9,20,10,5,0,151,25,32,42,41,191,31,51
9/20/2012,2012,9,20,10,5,1,79,13,24,23,39,74,5,43
9/20/2012,2012,9,20,10,5,2,45,10,19,37,21,54,8,19
9/20/2012,2012,9,20,10,5,3,23,1,2,14,15,18,3,21
9/20/2012,2012,9,20,10,5,4,35,13,15,9,5,21,13,24
9/20/2012,2012,9,20,10,5,5,67,52,22,24,18,55,77,24
9/20/2012,2012,9,20,10,5,6,146,209,101,90,73,125,559,73
9/20/2012,2012,9,20,10,5,7,513,766,386,286,276,316,1992,282
9/20/2012,2012,9,20,10,5,8,1288,1978,973,666,806,787,5561,808
9/20/2012,2012,9,20,10,5,9,1203,1043,1055,849,795,730,2369,604
9/20/2012,2012,9,20,10,5,10,1526,696,1247,1205,1151,1129,873,813
9/20/2012,2012,9,20,10,5,11,1982,724,1466,1634,1464,1565,801,1196
9/20/2012,2012,9,20,10,5,12,2813,1550,2376,2863,3018,2610,1174,1668
9/20/2012,2012,9,20,10,5,13,3580,1862,2909,3999,3622,2857,1447,2027
9/20/2012,2012,9,20,10,5,14,2943,896,1844,2625,2549,2353,1002,1643
9/20/2012,2012,9,20,10,5,15,2858,676,1681,2406,2189,2398,1215,1699
9/20/2012,2012,9,20,10,5,16,2824,756,1455,2443,2246,2475,1989,1832
9/20/2012,2012,9,20,10,5,17,3045,1253,1513,2408,2693,2745,3681,2310
9/20/2012,2012,9,20,10,5,18,2546,900,944,1907,2169,2597,1498,1688
9/20/2012,2012,9,20,10,5,19,2207,462,447,991,1408,2378,581,1322
9/20/2012,2012,9,20,10,5,20,1755,369,373,601,804,2037,220,1202
9/20/2012,2012,9,20,10,5,21,1225,260,190,353,396,1413,148,745
9/20/2012,2012,9,20,10,5,22,835,177,176,257,278,1074,81,491
9/20/2012,2012,9,20,10,5,23,922,116,138,155,125,696,46,266
9/21/2012,2012,9,21,10,6,0,357,76,53,75,96,264,24,103
9/21/2012,2012,9,21,10,6,1,126,19,18,32,35,136,7,66
9/21/2012,2012,9,21,10,6,2,83,12,13,34,19,87,6,53
9/21/2012,2012,9,21,10,6,3,41,7,17,49,29,55,2,35
9/21/2012,2012,9,21,10,6,4,44,14,19,12,19,37,3,19
9/21/2012,2012,9,21,10,6,5,103,47,35,21,35,64,77,28
9/21/2012,2012,9,21,10,6,6,159,224,100,120,78,161,567,85
9/21/2012,2012,9,21,10,6,7,499,641,365,279,314,315,2005,291
9/21/2012,2012,9,21,10,6,8,1142,1677,894,694,869,753,5297,782
9/21/2012,2012,9,21,10,6,9,1281,1123,957,959,1029,908,2265,727
9/21/2012,2012,9,21,10,6,10,1853,603,1164,1290,1292,1025,948,745
9/21/2012,2012,9,21,10,6,11,2290,597,1515,1819,1880,1379,774,859
9/21/2012,2012,9,21,10,6,12,3274,1386,2441,3047,3106,2467,1028,1721
9/21/2012,2012,9,21,10,6,13,3767,1476,2824,3844,3650,2788,1209,1765
9/21/2012,2012,9,21,10,6,14,3177,808,1792,3015,2970,2255,866,1526
9/21/2012,2012,9,21,10,6,15,3094,612,1822,2795,2773,2517,1054,1741
9/21/2012,2012,9,21,10,6,16,3109,811,1724,2882,2779,2654,1878,1867
9/21/2012,2012,9,21,10,6,17,3639,1169,1718,3048,3532,3151,2998,2253
9/21/2012,2012,9,21,10,6,18,3318,775,1317,2416,2924,3152,1260,1913
9/21/2012,2012,9,21,10,6,19,2946,531,728,1713,2128,2960,426,1461
9/21/2012,2012,9,21,10,6,20,2267,325,388,1285,1556,2617,221,1290
9/21/2012,2012,9,21,10,6,21,1966,189,314,596,845,2631,148,1199
9/21/2012,2012,9,21,10,6,22,1669,302,296,431,514,1935,105,840
9/21/2012,2012,9,21,10,6,23,1595,155,237,348,387,1713,84,556
9/22/2012,2012,9,22,20,7,0,711,114,133,196,155,902,36,350
9/22/2012,2012,9,22,20,7,1,381,48,81,110,111,558,19,150
9/22/2012,2012,9,22,20,7,2,306,35,71,84,68,268,16,80
9/22/2012,2012,9,22,20,7,3,217,23,21,80,42,268,6,75
9/22/2012,2012,9,22,20,7,4,142,28,33,62,71,93,13,39
9/22/2012,2012,9,22,20,7,5,113,34,23,52,64,75,6,57
9/22/2012,2012,9,22,20,7,6,113,27,39,60,49,87,23,33
9/22/2012,2012,9,22,20,7,7,227,79,112,74,86,224,30,93
9/22/2012,2012,9,22,20,7,8,436,141,274,303,332,498,70,183
9/22/2012,2012,9,22,20,7,9,1011,222,573,912,787,758,74,333
9/22/2012,2012,9,22,20,7,10,1590,234,1076,1524,1412,1063,100,615
9/22/2012,2012,9,22,20,7,11,2109,291,1265,2197,1918,1619,75,914
9/22/2012,2012,9,22,20,7,12,2876,344,1555,2801,2582,2482,83,1266
9/22/2012,2012,9,22,20,7,13,3303,495,1811,3145,3041,2952,111,1774
9/22/2012,2012,9,22,20,7,14,3473,480,1751,3700,3131,3097,105,1888
9/22/2012,2012,9,22,20,7,15,3591,431,1719,3634,3345,2998,101,1935
9/22/2012,2012,9,22,20,7,16,3092,493,1433,3151,2941,2890,72,1945
9/22/2012,2012,9,22,20,7,17,2710,498,878,2346,2518,2790,62,1918
9/22/2012,2012,9,22,20,7,18,2239,476,400,1180,1640,2807,65,1483
9/22/2012,2012,9,22,20,7,19,2026,365,358,629,939,2598,59,1302
9/22/2012,2012,9,22,20,7,20,2034,675,410,542,682,2450,42,1087
9/22/2012,2012,9,22,20,7,21,1688,296,286,507,579,2365,55,979
9/22/2012,2012,9,22,20,7,22,1460,259,298,468,406,1747,57,712
9/22/2012,2012,9,22,20,7,23,1139,239,235,397,373,1430,45,526
9/23/2012,2012,9,23,20,1,0,1005,128,171,271,278,936,42,270
9/23/2012,2012,9,23,20,1,1,470,58,132,231,222,466,19,227
9/23/2012,2012,9,23,20,1,2,504,42,102,224,170,388,29,143
9/23/2012,2012,9,23,20,1,3,339,16,91,140,127,258,19,75
9/23/2012,2012,9,23,20,1,4,202,19,30,81,53,105,8,47
9/23/2012,2012,9,23,20,1,5,95,15,21,53,22,77,6,35
9/23/2012,2012,9,23,20,1,6,95,38,21,60,35,60,7,35
9/23/2012,2012,9,23,20,1,7,188,41,66,68,48,157,15,64
9/23/2012,2012,9,23,20,1,8,276,89,138,191,126,343,38,107
9/23/2012,2012,9,23,20,1,9,658,133,430,420,426,459,37,231
9/23/2012,2012,9,23,20,1,10,1064,197,799,1036,900,859,84,469
9/23/2012,2012,9,23,20,1,11,1541,197,950,1659,1626,1401,53,732
9/23/2012,2012,9,23,20,1,12,2178,280,1168,2213,2113,2078,79,1138
9/23/2012,2012,9,23,20,1,13,2727,289,1292,2415,2599,2451,81,1561
9/23/2012,2012,9,23,20,1,14,2836,259,1354,2784,2941,2571,73,1594
9/23/2012,2012,9,23,20,1,15,2852,304,1271,2844,2649,2438,56,1619
9/23/2012,2012,9,23,20,1,16,2660,284,1090,2401,2371,2280,69,1545
9/23/2012,2012,9,23,20,1,17,2222,274,538,1607,1782,2355,56,1466
9/23/2012,2012,9,23,20,1,18,1603,212,315,734,1121,2105,47,1011
9/23/2012,2012,9,23,20,1,19,1243,127,209,453,487,1789,30,824
9/23/2012,2012,9,23,20,1,20,930,98,194,317,286,1453,36,608
9/23/2012,2012,9,23,20,1,21,638,80,175,208,231,1023,14,510
9/23/2012,2012,9,23,20,1,22,370,40,102,162,153,713,27,301
9/23/2012,2012,9,23,20,1,23,257,41,58,70,73,374,26,154
9/24/2012,2012,9,24,10,2,0,133,15,46,23,41,147,10,70
9/24/2012,2012,9,24,10,2,1,55,10,28,17,34,52,9,27
9/24/2012,2012,9,24,10,2,2,31,4,10,11,23,29,2,34
9/24/2012,2012,9,24,10,2,3,32,4,6,65,3,28,4,12
9/24/2012,2012,9,24,10,2,4,54,10,12,13,4,24,1,18
9/24/2012,2012,9,24,10,2,5,75,52,16,11,20,61,69,21
9/24/2012,2012,9,24,10,2,6,154,183,80,77,63,181,547,89
9/24/2012,2012,9,24,10,2,7,449,648,332,244,285,318,1968,234
9/24/2012,2012,9,24,10,2,8,1110,1831,842,664,745,835,5025,768
9/24/2012,2012,9,24,10,2,9,1170,1007,942,966,950,970,2091,577
9/24/2012,2012,9,24,10,2,10,1620,629,1190,1454,1225,1163,853,676
9/24/2012,2012,9,24,10,2,11,2208,558,1505,1961,1876,1680,642,1016
9/24/2012,2012,9,24,10,2,12,3345,1381,2630,3392,3218,2671,956,1687
9/24/2012,2012,9,24,10,2,13,3813,1407,2884,3911,3620,2845,1135,1898
9/24/2012,2012,9,24,10,2,14,3448,714,1915,2871,2794,2540,875,1684
9/24/2012,2012,9,24,10,2,15,3066,611,1675,2755,2504,2635,975,1668
9/24/2012,2012,9,24,10,2,16,2884,778,1377,2377,2232,2529,2006,1736
9/24/2012,2012,9,24,10,2,17,2903,1178,1291,2154,2211,2556,3757,1984
9/24/2012,2012,9,24,10,2,18,2158,790,686,1035,1625,2259,1628,1434
9/24/2012,2012,9,24,10,2,19,1445,428,331,530,737,1999,398,1076
9/24/2012,2012,9,24,10,2,20,1052,289,196,373,372,1592,186,913
9/24/2012,2012,9,24,10,2,21,723,226,157,213,276,1183,99,603
9/24/2012,2012,9,24,10,2,22,543,133,76,155,127,813,43,441
9/24/2012,2012,9,24,10,2,23,323,91,79,102,79,436,47,166
9/25/2012,2012,9,25,10,3,0,100,26,21,49,31,191,6,50
9/25/2012,2012,9,25,10,3,1,51,9,12,13,33,74,5,18
9/25/2012,2012,9,25,10,3,2,35,11,5,8,8,30,19,21
9/25/2012,2012,9,25,10,3,3,26,9,11,16,5,19,1,14
9/25/2012,2012,9,25,10,3,4,31,11,9,3,2,14,2,5
9/25/2012,2012,9,25,10,3,5,78,50,22,17,17,47,70,16
9/25/2012,2012,9,25,10,3,6,145,185,88,83,69,142,534,73
9/25/2012,2012,9,25,10,3,7,400,667,366,304,285,335,1946,238
9/25/2012,2012,9,25,10,3,8,1122,1834,914,731,718,743,5164,760
9/25/2012,2012,9,25,10,3,9,1197,1035,968,831,797,982,2053,635
9/25/2012,2012,9,25,10,3,10,1582,549,1186,1263,1170,1149,795,691
9/25/2012,2012,9,25,10,3,11,2273,596,1435,2100,1649,2050,786,1062
9/25/2012,2012,9,25,10,3,12,3364,1414,2545,3335,3105,3029,1032,1844
9/25/2012,2012,9,25,10,3,13,3890,1548,2760,4227,3696,3255,1317,2090
9/25/2012,2012,9,25,10,3,14,3354,812,1933,3156,2854,2802,753,1891
9/25/2012,2012,9,25,10,3,15,3090,632,1647,2947,2612,2588,1081,1825
9/25/2012,2012,9,25,10,3,16,3171,703,1503,2582,2444,2732,1894,1911
9/25/2012,2012,9,25,10,3,17,3111,1353,1482,2294,2481,2842,3768,2078
9/25/2012,2012,9,25,10,3,18,2550,800,877,1273,1973,2757,1592,1718
9/25/2012,2012,9,25,10,3,19,1602,413,334,603,893,2229,487,1175
9/25/2012,2012,9,25,10,3,20,1163,253,267,413,485,1923,211,1008
9/25/2012,2012,9,25,10,3,21,887,241,209,255,315,1539,113,669
9/25/2012,2012,9,25,10,3,22,667,159,147,219,227,959,78,465
9/25/2012,2012,9,25,10,3,23,369,103,87,77,94,506,44,257
9/26/2012,2012,9,26,10,4,0,118,24,30,29,41,224,14,92
9/26/2012,2012,9,26,10,4,1,73,13,26,20,26,98,10,32
9/26/2012,2012,9,26,10,4,2,36,6,11,11,23,42,1,26
9/26/2012,2012,9,26,10,4,3,40,6,11,83,4,40,10,10
9/26/2012,2012,9,26,10,4,4,35,9,10,0,3,23,1,14
9/26/2012,2012,9,26,10,4,5,66,53,20,26,21,53,79,24
9/26/2012,2012,9,26,10,4,6,147,218,125,87,67,145,565,94
9/26/2012,2012,9,26,10,4,7,524,734,440,314,323,369,2050,286
9/26/2012,2012,9,26,10,4,8,1131,1868,1002,699,755,817,4751,683
9/26/2012,2012,9,26,10,4,9,1343,1060,1010,1034,961,967,1991,627
9/26/2012,2012,9,26,10,4,10,1563,715,1282,1763,1275,1232,866,771
9/26/2012,2012,9,26,10,4,11,2374,598,1649,2340,2125,1901,701,1087
9/26/2012,2012,9,26,10,4,12,3673,1628,2548,3718,3384,3140,994,1908
9/26/2012,2012,9,26,10,4,13,4112,1608,2922,4281,4090,3249,1129,2060
9/26/2012,2012,9,26,10,4,14,3608,766,2021,3346,3163,2861,756,1777
9/26/2012,2012,9,26,10,4,15,3485,556,1649,3111,2826,2746,981,1782
9/26/2012,2012,9,26,10,4,16,3362,829,1450,2726,2646,2904,1921,1856
9/26/2012,2012,9,26,10,4,17,3225,1248,1385,2624,2818,2940,3457,2155
9/26/2012,2012,9,26,10,4,18,2675,882,898,1446,2035,2845,1573,1719
9/26/2012,2012,9,26,10,4,19,1808,470,487,742,1141,2427,531,1269
9/26/2012,2012,9,26,10,4,20,1292,276,250,417,654,2054,232,1085
9/26/2012,2012,9,26,10,4,21,1034,235,262,348,347,1516,193,721
9/26/2012,2012,9,26,10,4,22,801,212,209,253,234,1272,77,484
9/26/2012,2012,9,26,10,4,23,484,122,93,128,122,621,67,288
9/27/2012,2012,9,27,10,5,0,181,57,31,59,50,236,19,93
9/27/2012,2012,9,27,10,5,1,99,24,23,62,49,134,10,58
9/27/2012,2012,9,27,10,5,2,58,19,15,22,15,73,2,32
9/27/2012,2012,9,27,10,5,3,33,3,13,21,11,43,5,24
9/27/2012,2012,9,27,10,5,4,45,9,5,5,7,30,1,8
9/27/2012,2012,9,27,10,5,5,71,47,23,30,33,72,72,14
9/27/2012,2012,9,27,10,5,6,168,215,87,107,75,115,541,70
9/27/2012,2012,9,27,10,5,7,450,674,362,276,307,334,2029,300
9/27/2012,2012,9,27,10,5,8,1122,1754,983,751,752,800,4765,698
9/27/2012,2012,9,27,10,5,9,1327,1106,1022,945,906,917,2060,630
9/27/2012,2012,9,27,10,5,10,1754,674,1195,1540,1404,1170,880,784
9/27/2012,2012,9,27,10,5,11,2331,661,1739,2029,1926,1921,795,1150
9/27/2012,2012,9,27,10,5,12,3769,1488,2629,3839,3627,2922,1084,1966
9/27/2012,2012,9,27,10,5,13,4295,1731,2944,4372,4285,3203,1250,2274
9/27/2012,2012,9,27,10,5,14,3812,877,1947,3414,3452,2895,779,1952
9/27/2012,2012,9,27,10,5,15,3645,760,1828,3171,2876,2941,965,1925
9/27/2012,2012,9,27,10,5,16,3425,791,1548,2943,2702,2916,1855,1952
9/27/2012,2012,9,27,10,5,17,3508,1283,1542,3005,2974,3177,3463,2395
9/27/2012,2012,9,27,10,5,18,3095,873,1017,2270,2564,3099,1634,2044
9/27/2012,2012,9,27,10,5,19,2311,519,575,1172,1665,2808,563,1458
9/27/2012,2012,9,27,10,5,20,1618,347,328,665,1054,2196,307,1164
9/27/2012,2012,9,27,10,5,21,1371,247,300,421,497,1934,136,924
9/27/2012,2012,9,27,10,5,22,957,171,190,338,297,1307,72,521
9/27/2012,2012,9,27,10,5,23,591,126,125,191,154,786,56,347
9/28/2012,2012,9,28,10,6,0,360,77,97,91,94,446,23,134
9/28/2012,2012,9,28,10,6,1,174,29,40,58,52,202,10,89
9/28/2012,2012,9,28,10,6,2,125,12,21,27,24,75,7,61
9/28/2012,2012,9,28,10,6,3,75,18,8,46,30,92,10,50
9/28/2012,2012,9,28,10,6,4,79,14,10,34,6,32,3,22
9/28/2012,2012,9,28,10,6,5,85,70,17,23,20,67,70,20
9/28/2012,2012,9,28,10,6,6,161,240,82,90,83,138,558,83
9/28/2012,2012,9,28,10,6,7,488,729,363,307,318,354,1961,263
9/28/2012,2012,9,28,10,6,8,1181,1758,908,691,841,725,5244,758
9/28/2012,2012,9,28,10,6,9,1638,1097,1233,1231,989,735,2028,621
9/28/2012,2012,9,28,10,6,10,2594,947,1753,2058,1388,1199,952,892
9/28/2012,2012,9,28,10,6,11,3397,1519,2091,2916,1942,1785,934,1472
9/28/2012,2012,9,28,10,6,12,4164,2445,2862,3598,2599,2597,1091,1969
9/28/2012,2012,9,28,10,6,13,4289,1717,2911,4323,3306,2783,952,1913
9/28/2012,2012,9,28,10,6,14,3520,767,2017,3381,2833,2297,831,1525
9/28/2012,2012,9,28,10,6,15,3484,679,1897,3288,2950,2379,930,1574
9/28/2012,2012,9,28,10,6,16,3348,975,1712,3106,3116,2179,1969,1599
9/28/2012,2012,9,28,10,6,17,3592,1269,1657,3008,3005,2476,3126,2004
9/28/2012,2012,9,28,10,6,18,3261,868,1194,2323,2581,2759,1428,1596
9/28/2012,2012,9,28,10,6,19,2281,486,780,1562,1850,2395,562,1358
9/28/2012,2012,9,28,10,6,20,2123,376,490,1074,1317,2305,247,1083
9/28/2012,2012,9,28,10,6,21,2174,252,350,601,826,2274,146,1075
9/28/2012,2012,9,28,10,6,22,1531,224,225,394,477,1798,105,676
9/28/2012,2012,9,28,10,6,23,1133,163,245,360,316,1304,96,510
9/29/2012,2012,9,29,20,7,0,1338,120,144,204,160,656,42,232
9/29/2012,2012,9,29,20,7,1,347,40,55,113,107,340,18,124
9/29/2012,2012,9,29,20,7,2,239,16,46,80,66,218,9,65
9/29/2012,2012,9,29,20,7,3,169,11,50,83,36,136,8,51
9/29/2012,2012,9,29,20,7,4,90,23,18,30,25,69,3,25
9/29/2012,2012,9,29,20,7,5,89,18,23,33,28,66,9,22
9/29/2012,2012,9,29,20,7,6,81,45,40,38,40,74,11,33
9/29/2012,2012,9,29,20,7,7,179,95,108,97,81,145,23,95
9/29/2012,2012,9,29,20,7,8,495,174,351,349,277,322,37,125
9/29/2012,2012,9,29,20,7,9,1115,270,900,1116,743,650,69,270
9/29/2012,2012,9,29,20,7,10,1782,395,1376,1887,1359,979,97,495
9/29/2012,2012,9,29,20,7,11,2417,427,1575,2466,1900,1424,74,772
9/29/2012,2012,9,29,20,7,12,2773,513,1447,2377,2163,1866,72,955
9/29/2012,2012,9,29,20,7,13,2442,312,1131,2362,2288,1898,69,1161
9/29/2012,2012,9,29,20,7,14,2308,231,999,2187,2217,1901,52,1169
9/29/2012,2012,9,29,20,7,15,2183,188,949,2046,2264,1844,37,1260
9/29/2012,2012,9,29,20,7,16,2205,220,748,1962,2138,1864,43,1200
9/29/2012,2012,9,29,20,7,17,2099,458,594,1610,1635,2101,30,1305
9/29/2012,2012,9,29,20,7,18,2153,745,496,959,1418,1968,69,963
9/29/2012,2012,9,29,20,7,19,1698,346,315,511,822,2034,43,935
9/29/2012,2012,9,29,20,7,20,1432,281,262,429,417,1731,35,746
9/29/2012,2012,9,29,20,7,21,1136,239,257,278,387,1694,45,749
9/29/2012,2012,9,29,20,7,22,1161,244,272,362,363,1394,38,536
9/29/2012,2012,9,29,20,7,23,875,202,209,308,314,1197,30,345
9/30/2012,2012,9,30,20,1,0,667,125,135,239,214,609,24,189
9/30/2012,2012,9,30,20,1,1,503,76,115,167,143,468,14,178
9/30/2012,2012,9,30,20,1,2,336,32,83,147,121,302,10,126
9/30/2012,2012,9,30,20,1,3,246,22,67,106,82,198,15,59
9/30/2012,2012,9,30,20,1,4,122,10,35,53,35,76,3,21
9/30/2012,2012,9,30,20,1,5,86,17,24,51,22,52,5,18
9/30/2012,2012,9,30,20,1,6,96,19,34,45,33,57,8,20
9/30/2012,2012,9,30,20,1,7,165,52,77,83,49,102,14,41
9/30/2012,2012,9,30,20,1,8,325,108,178,195,116,288,32,109
9/30/2012,2012,9,30,20,1,9,716,161,425,451,495,502,56,232
9/30/2012,2012,9,30,20,1,10,1272,229,893,1184,1142,910,82,526
9/30/2012,2012,9,30,20,1,11,1863,234,1180,1698,1671,1480,72,750
9/30/2012,2012,9,30,20,1,12,2292,361,1289,2379,2342,1835,56,986
9/30/2012,2012,9,30,20,1,13,2694,297,1312,2629,2722,2476,81,1395
9/30/2012,2012,9,30,20,1,14,2696,293,1429,2910,2838,2552,70,1455
9/30/2012,2012,9,30,20,1,15,2831,340,1277,2969,2766,2487,51,1680
9/30/2012,2012,9,30,20,1,16,2527,274,1034,2648,2428,2372,60,1595
9/30/2012,2012,9,30,20,1,17,2249,295,687,1815,1937,2241,48,1583
9/30/2012,2012,9,30,20,1,18,1525,218,308,728,1143,2246,59,1128
9/30/2012,2012,9,30,20,1,19,1326,176,274,411,659,1948,34,856
9/30/2012,2012,9,30,20,1,20,1060,154,191,314,377,1706,25,780
9/30/2012,2012,9,30,20,1,21,753,108,162,244,233,1570,22,574
9/30/2012,2012,9,30,20,1,22,559,92,138,137,175,930,30,348
9/30/2012,2012,9,30,20,1,23,381,60,64,80,116,537,13,166
